№;Клиент;Дилер;Менеджер;Стадия;Сумма;Себестоимость;В стадии с;План сдачи;Рекламация;Комментарий
ЗК-1041;Е. Панкратова;Салон на Ленинском;И. Соколова;Производство;486000;372000;2026-09-24;2026-10-20;нет;Фасады МДФ, цвет графит
ЗК-1042;А. Мещеряков;Салон Сокол;Д. Кузнецов;Замер;219000;158000;2026-10-01;2026-11-05;нет;Замер после снятия старой кухни
ЗК-1043;ООО «Гранд-Ремонт»;Партнёр «Мастер Кухни»;А. Морозова;Замер;1240000;1022000;2026-09-15;2026-11-10;нет;4 квартиры в ЖК, замер не закрыт
ЗК-1044;С. Литвинова;Салон Казань;П. Волков;Проект;372000;268000;2026-09-26;2026-10-25;нет;Ждём согласование фартука
ЗК-1045;Д. Ромашов;Интернет-заказы;И. Соколова;Договор;268000;189000;2026-10-02;2026-10-30;нет;Согласовываем график оплаты
ЗК-1046;Н. Гордеева;Салон на Ленинском;Д. Кузнецов;Монтаж;615000;428000;2026-09-29;2026-10-03;да;Скол на столешнице, ждём замену
ЗК-1047;Р. Абрамян;Салон Сокол;А. Морозова;Сдача;331000;231000;2026-10-04;2026-10-06;нет;Подписываем акт
ЗК-1048;М. Селезнёва;Салон Казань;П. Волков;Производство;542000;368000;2026-08-28;2026-10-01;да;Завод сдвинул срок, сверка по плите
ЗК-1049;Т. Бекетов;Интернет-заказы;И. Соколова;Проект;158000;104000;2026-10-03;2026-10-28;нет;Правки по эргономике
ЗК-1050;О. Данилова;Салон на Ленинском;Д. Кузнецов;Производство;424000;288000;2026-09-18;2026-10-15;нет;Корпус ЛДСП, фасады эмаль
ЗК-1051;ЖК «Северный»;Партнёр «Мастер Кухни»;А. Морозова;Договор;2780000;2363000;2026-09-20;2026-12-01;нет;12 квартир, этапная сдача
ЗК-1052;В. Круглов;Салон Сокол;П. Волков;Монтаж;297000;201000;2026-10-03;2026-10-10;нет;Подключение техники за клиент
ЗК-1053;Л. Шубина;Салон Казань;И. Соколова;Замер;196000;129000;2026-10-05;2026-11-02;нет;Ниша 2400, нужна консультация
ЗК-1054;А. и Н. Ковалёвы;Салон на Ленинском;Д. Кузнецов;Сдача;458000;311000;2026-09-30;2026-10-02;да;Повторный выезд: фурнитура
ЗК-1055;ГБУЗ «Поликлиника №4»;Партнёр «Мастер Кухни»;А. Морозова;Проект;890000;728000;2026-09-22;2026-11-18;нет;Проект под медоборудование
